CREATE TABLE DEPARTAMENTOS (
 CODDEP              INTEGER,
 NOMDEP              VARCHAR(14),
 LOCDEP              VARCHAR(13),
 CONSTRAINT DEP_PRIMARY_KEY PRIMARY KEY (CODDEP));

INSERT INTO DEPARTAMENTOS VALUES (10,'Contabilidad','Oñate');
INSERT INTO DEPARTAMENTOS VALUES (20,'Recursos','Arrasate');
INSERT INTO DEPARTAMENTOS VALUES (30,'Ventas','Arrasate');
INSERT INTO DEPARTAMENTOS VALUES (40,'Operaciones','Vitoria');
INSERT INTO DEPARTAMENTOS VALUES (50,'Produccion','Vitoria');
INSERT INTO DEPARTAMENTOS VALUES (60,'Compras','Vitoria');
INSERT INTO DEPARTAMENTOS VALUES (70,'Direccion','Bilbao');

CREATE TABLE EMPLEADOS (
 CODEMP               INTEGER,
 NOMEMP               VARCHAR(20),
 OFICIOEMP            VARCHAR(10),
 JEFEEMP              INTEGER,
 FNACEMP              DATE,
 SALEMP               DECIMAL(7,2),
 COMEMP               DECIMAL(7,2),
 CODDEPEMP            INTEGER NOT NULL,
 CONSTRAINT EMP_DEP_FK FOREIGN KEY (CODDEPEMP) REFERENCES DEPARTAMENTOS (CODDEP),
 CONSTRAINT EMP_JEFE_FK FOREIGN KEY (JEFEEMP)  REFERENCES EMPLEADOS (CODEMP),
 CONSTRAINT EMP_PK PRIMARY KEY (CODEMP) ) ;

INSERT INTO EMPLEADOS VALUES (1,'AGIRRE, ION','PRESIDENTE',NULL,'1981-11-17',5000,NULL,70);
INSERT INTO EMPLEADOS VALUES (2,'ORTUONDO, IRENE','DIRECTOR',1,'1981-05-01',2850,NULL,30);
INSERT INTO EMPLEADOS VALUES (3,'DIAZ, MIREN','DIRECTOR',1,'1981-06-09',2450,NULL,10);
INSERT INTO EMPLEADOS VALUES (4,'ESNAOLA, ION','DIRECTOR',1,'1981-04-02',2975,NULL,20);
INSERT INTO EMPLEADOS VALUES (5,'MARTIN, MIKEL','VENDEDOR',2,'1981-09-28',1250,1400,30);
INSERT INTO EMPLEADOS VALUES (6,'INZA, JOANE','VENDEDOR',2,'1981-02-20',1600,300,30);
INSERT INTO EMPLEADOS VALUES (7,'INDA, AMAIA','VENDEDOR',2,'1981-09-08',1500,0,30);
INSERT INTO EMPLEADOS VALUES (8,'ARREGI, PILAR','OFICINISTA',2,'1981-12-03',950,NULL,30);
INSERT INTO EMPLEADOS VALUES (9,'GARCIA, GENARO','VENDEDOR',2,'1981-02-22',1250,500,30);
INSERT INTO EMPLEADOS VALUES (10,'SANCHEZ, PEDRO','ANALISTA',3,'1981-12-03',3000,NULL,20);
INSERT INTO EMPLEADOS VALUES (11,'ANDUAGA, IRUNE','OFICINISTA',3,'1980-12-17',800,NULL,20);
INSERT INTO EMPLEADOS VALUES (12,'ERLE, IÑAKI','ANALISTA',3,'1982-09-12',3000,NULL,20);
INSERT INTO EMPLEADOS VALUES (13,'URZELAI, ANE','OFICINISTA',4,'1983-01-12',1100,NULL,40);
INSERT INTO EMPLEADOS VALUES (14,'GOITIA, EDURNE','OFICINISTA',4,'1982-01-23',1300,NULL,70);


CREATE TABLE CLIENTES (
 CODCLI              INTEGER NOT NULL,
 NOMCLI              VARCHAR (45),
 DIRCLI              VARCHAR (40),
 POBCLI		     VARCHAR (30),
 CPCLI               VARCHAR (5),
 TELCLI              VARCHAR (9),
 CODEMPCLI           INTEGER NOT NULL,
 NOTAS               TEXT,
 CONSTRAINT CLIENTES_CLICOD_PK PRIMARY KEY (CODCLI),
 CONSTRAINT CLIENTES_CLICOD_CK CHECK (CODCLI > 0));

INSERT INTO CLIENTES VALUES (1 , 'Media Mark', 'Paseo madrid, 34' , 'Vitoria', '23000' , '945543256', 1 , 'Muy buen cliente');
INSERT INTO CLIENTES VALUES (2 , 'Eroski', 'Avda Euskadi' , 'Elorrio', '21450' , '945543256', 0 , 'Muy buen cliente');
INSERT INTO CLIENTES VALUES (3 , 'Bermudez', 'Paseo madrid, 34' , 'Vitoria', '23000' , '945543256', 0 , 'Muy buen cliente');
INSERT INTO CLIENTES VALUES (4 , 'Consum', 'Paseo madrid, 34' , 'Elorrio', '21450' , '945543256', 0 , 'Muy buen cliente');
INSERT INTO CLIENTES VALUES (5 , 'Ateon', 'San Juan , 1' , 'Vitoria', '23000' , '945543256', 0 , 'Muy buen cliente');
INSERT INTO CLIENTES VALUES (6 , 'Pristo', 'Avda. Bai , s/n' , 'Vitoria', '23000' , '945543256', 0 , 'Muy buen cliente');
INSERT INTO CLIENTES VALUES (7 , 'Hipercor', 'Boulevard, 45' , 'Vitoria', '23000' , '945543256', 0 , 'Muy buen cliente');
INSERT INTO CLIENTES VALUES (8 , 'Mercadona', 'Groumet , 34' , 'Madrid', '28000' , '945543256', 0 , 'Muy buen cliente');
INSERT INTO CLIENTES VALUES (9 , 'Carrefour', 'Paseo Castellana 128' , 'Madrid', '28000' , '945543256', 0 , 'Muy buen cliente');
INSERT INTO CLIENTES VALUES (10 , 'Electrica Madrid', 'Olaketa , 23' , 'Madrid', '28000' , '945543256', 0 , 'Muy buen cliente');
INSERT INTO CLIENTES VALUES (11 , 'Super Ofertas', 'Bailen , 255' , 'Madrid', '28000' , '945543256', 0 , 'Muy buen cliente');


CREATE TABLE PEDIDOS  (
 NUMPED               INTEGER NOT NULL,
 FECPED               DATE,
 CODCLIPED            INTEGER NOT NULL,
 CONSTRAINT PED_CLICOD_FK FOREIGN KEY (CODCLIPED) REFERENCES CLIENTES (CODCLI),
 CONSTRAINT PED_PEDNO_PK PRIMARY KEY (NUMPED));

INSERT INTO PEDIDOS VALUES (100, '2010-01-08', 1);
INSERT INTO PEDIDOS VALUES (101, '2010-01-10', 1);
INSERT INTO PEDIDOS VALUES (102, '2010-01-12', 1);
INSERT INTO PEDIDOS VALUES (103, '2010-02-08', 2);
INSERT INTO PEDIDOS VALUES (104, '2010-05-08', 3);
INSERT INTO PEDIDOS VALUES (105, '2010-06-08', 4);
INSERT INTO PEDIDOS VALUES (106, '2010-07-08', 3);
INSERT INTO PEDIDOS VALUES (107, '2011-01-08', 4);
INSERT INTO PEDIDOS VALUES (108, '2011-01-12', 7);
INSERT INTO PEDIDOS VALUES (109, '2011-01-14', 8);
INSERT INTO PEDIDOS VALUES (110, '2011-01-14', 9);
INSERT INTO PEDIDOS VALUES (111, '2011-01-15', 11);
INSERT INTO PEDIDOS VALUES (112, '2011-01-20', 11);


CREATE TABLE ARTICULOS (
 CODART              INTEGER,
 DESART              VARCHAR (30),
 PREART		     DECIMAL (8,2),
 STKART		     INTEGER,
 CONSTRAINT PRODID_PK PRIMARY KEY (CODART));


INSERT INTO ARTICULOS VALUES (1, 'Frigorifico Edesa 487-F' , 655 , 10);
INSERT INTO ARTICULOS VALUES (2, 'Frigorifico FY-GHI' , 615 , 12);
INSERT INTO ARTICULOS VALUES (3, 'Lavadora F86' , 487 , 0);
INSERT INTO ARTICULOS VALUES (4, 'Lavadora F87-V' , 555 , 0);
INSERT INTO ARTICULOS VALUES (5, 'Lavadora F9000' , 885 , 5);
INSERT INTO ARTICULOS VALUES (6, 'Encimera induccion I3' , 280 , 40);
INSERT INTO ARTICULOS VALUES (7, 'Encimera induccion I2 - V1' , 655 , 10);
INSERT INTO ARTICULOS VALUES (8, 'Encimera induccion Face' , 456 , 30);
INSERT INTO ARTICULOS VALUES (9, 'Encimera induccion eco' , 556 , 20);
INSERT INTO ARTICULOS VALUES (10, 'Secadora SEC-ACV ' , 380 , 10);
INSERT INTO ARTICULOS VALUES (11, 'Secadora SEC-VAA' , 345 , 10);
INSERT INTO ARTICULOS VALUES (12, 'Campana HT-100' , 324 , 18);
INSERT INTO ARTICULOS VALUES (13, 'Campana HT-200' , 565 , 100);
INSERT INTO ARTICULOS VALUES (14, 'Campana HT-100 oval' , 780 , 108);
INSERT INTO ARTICULOS VALUES (15, 'Campana HT-100 red' , 467 , 45);
INSERT INTO ARTICULOS VALUES (16, 'Lavavajillas J100' , 455 , 59);

CREATE TABLE LINEAS (
 NUMPEDLIN           INTEGER NOT NULL,
 CODPROLIN           INTEGER,
 NUMLIN              INTEGER NOT NULL,
 PRECIOLIN           DECIMAL (8,2),
 CANTLIN             INTEGER,
 CONSTRAINT LINEAS_FK FOREIGN KEY (NUMPEDLIN) REFERENCES PEDIDOS (NUMPED),
 CONSTRAINT LINEAS_PK PRIMARY KEY (NUMPEDLIN,CODPROLIN,NUMLIN));


INSERT INTO LINEAS VALUES (100, 1  , 1 , 655 , 2);
INSERT INTO LINEAS VALUES (100, 3  , 2 , 487 , 2);
INSERT INTO LINEAS VALUES (100, 14 , 3 , 10 , 4);
INSERT INTO LINEAS VALUES (100, 15 , 4 , 10 , 6);
INSERT INTO LINEAS VALUES (100, 16 , 5 , 10 , 1);

INSERT INTO LINEAS VALUES (101, 3 , 1 , 487 , 5);
INSERT INTO LINEAS VALUES (101, 4 , 2 , 555 , 15);
INSERT INTO LINEAS VALUES (101, 6 , 3 , 280 , 25);
INSERT INTO LINEAS VALUES (101, 9 , 4 , 556 , 15);

INSERT INTO LINEAS VALUES (102, 10 , 1 , 380 , 2);
INSERT INTO LINEAS VALUES (102, 11 , 2 , 345 , 45);
INSERT INTO LINEAS VALUES (102, 16 , 3 , 10 , 34);

INSERT INTO LINEAS VALUES (103, 1 , 1 , 655 , 1);
INSERT INTO LINEAS VALUES (103, 2 , 2 , 615 , 1);
INSERT INTO LINEAS VALUES (103, 4 , 3 , 555 , 1);
INSERT INTO LINEAS VALUES (103, 5 , 4 , 885 , 1);

INSERT INTO LINEAS VALUES (104, 13 , 1 , 565 , 10);
INSERT INTO LINEAS VALUES (104, 14 , 2 , 780 , 5);

INSERT INTO LINEAS VALUES (105, 1 , 1 , 600 , 10);
INSERT INTO LINEAS VALUES (105, 2 , 2 , 615 , 25);
INSERT INTO LINEAS VALUES (105, 6 , 3 , 280 , 20);
INSERT INTO LINEAS VALUES (105, 7 , 4 , 655 , 3);

INSERT INTO LINEAS VALUES (106, 2 , 1 , 615 , 10);

INSERT INTO LINEAS VALUES (107, 2 , 1 , 615 , 5);
INSERT INTO LINEAS VALUES (107, 3 , 2 , 487 , 6);
INSERT INTO LINEAS VALUES (107, 4 , 3 , 555 , 8);

INSERT INTO LINEAS VALUES (108, 1  , 1 , 655 , 8);
INSERT INTO LINEAS VALUES (108, 13 , 2 , 565 , 8);
INSERT INTO LINEAS VALUES (108, 14 , 3 , 10 , 9);

INSERT INTO LINEAS VALUES (109, 10 , 1 , 380 , 3);
INSERT INTO LINEAS VALUES (109, 14 , 2 , 780 , 5);
INSERT INTO LINEAS VALUES (109, 15 , 3 , 467 , 12);

INSERT INTO LINEAS VALUES (110, 3 , 1 , 417 , 2);
INSERT INTO LINEAS VALUES (110, 4 , 2 , 555 , 2);

INSERT INTO LINEAS VALUES (111, 1  , 1 , 655 , 3);
INSERT INTO LINEAS VALUES (111, 2  , 2 , 615 , 3);
INSERT INTO LINEAS VALUES (111, 3  , 3 , 487 , 3);
INSERT INTO LINEAS VALUES (111, 4  , 4 , 555 , 3);
INSERT INTO LINEAS VALUES (111, 10 , 5 , 380 , 5);
INSERT INTO LINEAS VALUES (111, 12 , 6 , 324 , 8);

INSERT INTO LINEAS VALUES (112, 1 , 1 , 655 , 3);
INSERT INTO LINEAS VALUES (112, 6 , 2 , 280 , 3);
INSERT INTO LINEAS VALUES (112, 7 , 3 , 655 , 5);
INSERT INTO LINEAS VALUES (112, 8 , 4 , 456 , 5);
INSERT INTO LINEAS VALUES (112, 9 , 5 , 556 , 10);
INSERT INTO LINEAS VALUES (112, 10 , 6 , 380 , 12);
INSERT INTO LINEAS VALUES (112, 11 , 7 , 345 , 14);
INSERT INTO LINEAS VALUES (112, 12 , 8 , 324 , 14);
INSERT INTO LINEAS VALUES (112, 13 , 9 , 565 , 12);





